<?xml version="1.0" encoding="UTF-8"?>
<!DOCTYPE mapper PUBLIC "-//mybatis.org//DTD Mapper 3.0//EN"
 "http://mybatis.org/dtd/mybatis-3-mapper.dtd">
 
 <mapper namespace="com.postGre.bsHive.kh_TableMapper">
 	<select id="getPaperTableList" 		resultType="Kh_PrdocList">
		SELECT * 
		FROM public."PRDOC"
	</select>
	
<!-- 	
	<select id="getTotPaymentByCon" 		parameterType="PayList"		resultType="int">
		SELECT COUNT(*) 
		FROM payment
		<where> 					
			<if test="keyword !=null">
			${search} LIKE '%'||#{keyword}||'%'
			</if>
		</where>
	</select>
	
	
	<select id="getTotTfListByCon" 			parameterType="TransferList" resultType="int">
		SELECT COUNT(*) 
		FROM payment
		<where> 					
			<if test="keyword !=null">
			${search} LIKE '%'||#{keyword}||'%'
			</if>
		</where>
	</select>
	
	
	<select id="getTotExpertReview" 		parameterType="ExpList"		resultType="int">
		SELECT COUNT(*) 
		FROM expert_review
		<where> 					
			<if test="keyword !=null">
			${search} LIKE '%'||#{keyword}||'%'
			</if>
		</where>
	</select>
 
	<select id="selectCarBySellId"			parameterType="long"		resultType="Car_General_Info">
		SELECT *
		FROM car_general_info
		WHERE sell_num = #{sell_num}
	</select>
	
	<select id="selectPaymentListByUserId"	parameterType="String"		resultType="Payment">
		SELECT *
		FROM payment
		WHERE user_id = #{user_id}
			AND del_state = 0
	</select>
	
	<select id="selectPaymentBySellId"		parameterType="long"		resultType="Payment">
		SELECT *
		FROM payment
		WHERE sell_num = #{sell_num}
	</select>
		
	<select id="selectPaymentByTid"			parameterType="String"		resultType="Payment">
		SELECT *	
		FROM payment
		WHERE approval_num = #{tid}
	</select>
	
	<select id="selectUserById"				parameterType="String"		resultType="User_Table">
		SELECT *	
		FROM user_table
		WHERE user_id = #{user_id}
	</select>
	
	<select id="expertReviewDetail"			parameterType="long"		resultType="Expert_Review">
		SELECT *	
		FROM expert_review
		WHERE expert_review_num = #{expert_review_num}
	</select>	
	
	<insert id="InsertPayment"				parameterType="Payment">
		INSERT INTO Payment (
							user_id,
							approval_num,
							approval_date,
							sell_num,
							expert_review_num,
							price,
							tax,
							fee,
							total_price,
							buz_fee,
							buz_money,
							receiver_name,
							receiver_tel,
							receiver_zipcode,
							receiver_addr1,
							receiver_addr2,
							insure_img_name,
							insure_img_url,
							delivery_date,
							buy_type,
							del_state,
							refund_password
						)		
				VALUES ( 
						 	#{user_id},
							#{approval_num},
							sysdate,
							#{sell_num},
							#{expert_review_num},
							#{price},
							#{tax},
							#{fee},
							#{total_price},
							#{buz_fee},
							#{buz_money},
							#{receiver_name},
							#{receiver_tel},
							#{receiver_zipcode},
							#{receiver_addr1},
							#{receiver_addr2},
							#{insure_img_name},
							#{insure_img_url},
							#{delivery_date},
							#{buy_type},
							#{del_state},
							#{refund_password}
						)	

	</insert>
	
	<select id="getBrand"					parameterType="String"		resultType="String">
		SELECT content	
		FROM common
		WHERE brand = #{brand}
	</select>
	
	
	<select id="getCarType"					parameterType="int"			resultType="String">
		SELECT content	
		FROM common
		WHERE car_type	= #{car_type}
			AND brand	= 9999
	</select>
	
	
	<select id="getCarList" 				resultType="Car_General_Info">
		SELECT * 
    	FROM Car_General_Info
    		WHERE del_state = 0	
    	ORDER BY sell_num
	</select>
	
	
	<select id="getExpertReviewList" 		parameterType="long"		resultType="Expert_Review">
		SELECT * 
    	FROM Expert_Review
    	WHERE sell_num = #{sell_num}
	</select>
	
	<select id="getPurchaseExpertList"			parameterType="String"		resultType="long">
		SELECT expert_review_num	
		FROM payment
		WHERE user_id = #{user_id}
	</select>
	
	<select id="getPurchaseCarList"				parameterType="String"		resultType="long">
		SELECT sell_num	
		FROM payment
		WHERE user_id = #{user_id}
			AND del_state = 0
	</select>
	
	<select id="getRefundPassword"				parameterType="String"		resultType="String">
		SELECT refund_password	
		FROM payment
		WHERE approval_num = #{approval_num}
	</select>	
	
	<update id="updateRefundPayment"			parameterType="String">
		UPDATE payment
			SET	del_state = 1
			WHERE approval_num = #{approval_num}
	</update>
	
	<update id="updateCarDelState"				parameterType="long">
		UPDATE car_general_info
			SET	del_state = 1
			WHERE sell_num = #{sell_num}
	</update>
	
	<select id="getUserIdByApprovalNum"			parameterType="String"		resultType="String">
		SELECT user_id	
		FROM payment
		WHERE approval_num = #{approval_num}
	</select>
	
	<insert id="insertExpertReview"				parameterType="Expert_Review">
		INSERT INTO Expert_Review (
							expert_review_num,
							sell_num,
							write_date,
							score,
							content,
							user_id,
							ess_state,
							ess_mileage,
							ess_regi,
							egine_oil,
							brake_oil,
							coolant,
							tire,
							brake_pad,
							del_state
						)		
				VALUES ( 
						 	expertReview_seq.nextval,
							#{sell_num},
							sysdate,
							#{score},
							#{content},
							#{user_id},
							#{ess_state},
							#{ess_mileage},
							#{ess_regi},
							#{egine_oil},
							#{brake_oil},
							#{coolant},
							#{tire},
							#{brake_pad},
							0
						)	

	</insert>
	
	<update id="updateExpertReview"				parameterType="Expert_Review">
		UPDATE Expert_Review
			SET	
				score 				= #{score},
				content 			= #{content},
				ess_state			= #{ess_state},
				ess_mileage 		= #{ess_mileage},
				ess_regi			= #{ess_regi},
				egine_oil			= #{egine_oil},
				brake_oil			= #{brake_oil},
				coolant				= #{coolant},
				tire				= #{tire},
				brake_pad			= #{brake_pad}
			WHERE expert_review_num = #{expert_review_num}
	</update>
	
	<select id="getPayList"						parameterType="PayList"		resultType="PayList">
		SELECT *	
		FROM (
				SELECT ROWNUM AS rn, paymentAll.*
				FROM (
						SELECT *
						FROM payment
						WHERE user_id = #{user_id}
						ORDER BY approval_date
					 ) paymentAll
		     )
		
		WHERE rn 
    		BETWEEN #{start} AND #{end} 	
	</select>
	
	<select id="getPayListCon"					parameterType="PayList"		resultType="PayList">
		SELECT *	
		FROM (
				SELECT ROWNUM AS rn, paymentAll.*
				FROM (
						SELECT *
						FROM payment
						<where> 					
							<if test="keyword !=null">
							${search} LIKE '%'||#{keyword}||'%'
							</if>
						</where>
						ORDER BY approval_date
					 ) paymentAll
		     )
		
		WHERE rn 
    		BETWEEN #{start} AND #{end} 	
	</select>
	
	
	<select id="getPayListAll"					parameterType="PayList"		resultType="PayList">
		SELECT *	
		FROM (
				SELECT ROWNUM AS rn, paymentAll.*
				FROM (
						SELECT *
						FROM payment
						ORDER BY approval_date
					 ) paymentAll
		     )
		
		WHERE rn 
    		BETWEEN #{start} AND #{end} 	
	</select>
	
	<select id="getReviewListCon"				parameterType="ExpList"		resultType="ExpList">
		SELECT *	
		FROM (
				SELECT ROWNUM AS rn, expert_reviewAll.*
				FROM (
						SELECT *
						FROM expert_review
						<where> 					
							<if test="keyword !=null">
								${search} LIKE '%'||#{keyword}||'%'
							</if>
						</where>
						ORDER BY expert_review_num
					 ) expert_reviewAll
		     )
		
		WHERE rn 
    		BETWEEN #{start} AND #{end} 	
	</select>
	
	<update id="updateReviewDelState"			parameterType="Expert_Review">
		UPDATE expert_review
			SET	del_state = ${del_state}
			WHERE expert_review_num = #{expert_review_num}
	</update>
	
	
	<select id="getImageName"					parameterType="long"		resultType="String">
		SELECT img_url	
		FROM car_images
		WHERE sell_num = #{sell_num}
	</select>
	
	<select id="getAutoCompleteList" 			parameterType="map"			resultType="map">
	
	SELECT *	
		FROM (
				SELECT ROWNUM, searchList.*
				FROM (
						SELECT 	${search} 
						FROM 	payment
						<where> 					
							<if test="keyword !=null">
							${search} LIKE '%'||#{value}||'%'
							</if>
						</where>
					 ) searchList
		     )
		WHERE ROWNUM	BETWEEN 1 AND 10 
		
	</select>
	
	
	<select id="getSellerInfoById" 				parameterType="String"			resultType="Seller_Info">
	
	SELECT 	s.user_id,
			s.user_name,
			s.user_tel,
			s.buz_num,
			b.buz_name,
			b.buz_addr,
			b.buz_contract_url
	FROM 	user_table s
	LEFT OUTER JOIN business b
		ON	s.buz_num = b.buz_num
	WHERE	s.user_id = #{user_id}
	
	</select>
	
	<select id="getTransferListCon" 			parameterType="TransferList"	 resultType="TransferList">
	SELECT *	
    FROM (
        SELECT ROWNUM AS rn, paymentAll.*
            FROM (
                    SELECT  p.approval_num,
                            p.approval_date,
                            p.sell_num,
                            p.expert_review_num,
                            p.price,
                            p.tax,
                            p.fee,
                            p.total_price,
                            p.buz_fee,
                            p.buz_money,
                            c.user_id,
                            e.user_id AS expert_id,
                            a.account_num,
                            a.account_name,
                            a.account_bank
                    FROM    payment p
                    LEFT OUTER JOIN car_general_info c
                       ON p.sell_num = c.sell_num
                    LEFT OUTER JOIN expert_review e
                       ON p.expert_review_num = e.expert_review_num
                    LEFT OUTER JOIN account a
                       ON c.user_id = a.user_id
                       OR e.user_id = a.user_id
                    ORDER BY approval_date
                    ) paymentAll
                <where> 					
					<if test="keyword !=null">
					${search} LIKE '%'||#{keyword}||'%'
					</if>
				</where>
            )
	WHERE ROWNUM	BETWEEN 1 AND 10 
	</select>
	
	
 -->	
	
</mapper> 