<?xml version="1.0" encoding="UTF-8"?>
<!DOCTYPE mapper
        PUBLIC "-//mybatis.org//DTD Mapper 3.0//EN"
        "http://mybatis.org/dtd/mybatis-3-mapper.dtd">
<mapper namespace="com.postGre.bsHive.MhDao">

<select id="totalGongList" resultType="int">

	select count(*) from "PST"

</select>

<select id="listGong" parameterType="Pst" resultType="Pst">
	select "PST_TTL", "WRT_YMD", "PST_NUM" from "PST" where "PST_CLSF" = '1'

</select>

<select id="GongView" parameterType="Pst" resultType="Pst">
	select "PST_TTL", "WRT_YMD", "PST_CN", "PST_NUM" from "PST" where "PST_CLSF" = '1' and "PST_NUM" = #{pst_num}
	
</select>

<delete id="GongDelete" parameterType="int">
	delete from "PST" where "PST_NUM" = #{pst_num}

</delete>

</mapper>