<?xml version="1.0" encoding="UTF-8"?>
<!DOCTYPE mapper PUBLIC "-//mybatis.org//DTD Mapper 3.0//EN"
 "http://mybatis.org/dtd/mybatis-3-mapper.dtd">
 
 <mapper namespace="com.postGre.bsHive.jh_Mapper">
 
	<select id="login" resultType="user_table" parameterType="user_table">
		select *
		FROM "LGN"
		where "EML" =#{eml}
		AND "PSWD" =#{pswd}
		AND "MBR_SE" =#{mbr_se}
	</select>
	

	<select id="myOnlineClass" parameterType="int" resultType="jh_myClassroomList">	
		SELECT 
			LA."LCTR_NUM",             
			L."LCTR_NAME",             
			E."EMP_NM",             
			OL."BGNG_YMD",             
			OL."END_YMD",             
			LA."PACE",             
			CASE 
		       	WHEN LEFT(LA."UNQ_NUM"::text, 1) = '1' AND L."APLY_TYPE" IN ('2', '4', '5') THEN 
		            CASE L."APLY_TYPE"
		                WHEN '2' THEN '진행중'
		                WHEN '4' THEN '강의 종료'
		                WHEN '5' THEN '폐강'
		            END
		        WHEN LEFT(LA."UNQ_NUM"::text, 1) != '1' THEN 
		            CASE L."APLY_TYPE"	
		                WHEN '1' THEN '모집중'
		                WHEN '2' THEN '진행중'
		                WHEN '3' THEN '보완요청'
		                WHEN '4' THEN '강의 종료'
		                WHEN '5' THEN '폐강'
		            END
		    		END AS "APLY_TYPE",             
	    	LA."FNSH_YN",             
	    	LA."UNQ_NUM"              
		FROM 
	    	"LCTR_APLY" LA           
		JOIN 
			"LCTR" L               
		ON 
	    	LA."LCTR_NUM" = L."LCTR_NUM"
		JOIN 
	    	"EMP" E                   
		ON 
	    	L."UNQ_NUM2" = E."UNQ_NUM"
		JOIN 
	    	"ONLN_LCTR" OL           
		ON 
		    LA."LCTR_NUM" = OL."LCTR_NUM"
		WHERE 
		    LA."UNQ_NUM" = #{unq_num}
	    	AND (
	        	(LEFT(LA."UNQ_NUM"::text, 1) = '1' AND L."APLY_TYPE" IN ('2', '4', '5'))
	        OR
	        	(LEFT(LA."UNQ_NUM"::text, 1) != '1')
    		);
	</select>
		
	
	<select id="myOfflineClass" parameterType="int" resultType="jh_myClassroomList">	
		SELECT 
		    LA."LCTR_NUM",             
		    L."LCTR_NAME",             
		    E."EMP_NM",             
		    OFF."BGNG_YMD",             
		    OFF."END_YMD",             
		    LA."PACE",             
		    CASE 
		        WHEN LEFT(LA."UNQ_NUM"::text, 1) = '1' AND L."APLY_TYPE" IN ('2', '4', '5') THEN 
		            CASE L."APLY_TYPE"
		                WHEN '2' THEN '진행중'
		                WHEN '4' THEN '강의 종료'
		                WHEN '5' THEN '폐강'
		            END
		        WHEN LEFT(LA."UNQ_NUM"::text, 1) != '1' THEN 
		            CASE L."APLY_TYPE"	
		                WHEN '1' THEN '모집중'
		                WHEN '2' THEN '진행중'
		                WHEN '3' THEN '보완요청'
		                WHEN '4' THEN '강의 종료'
		                WHEN '5' THEN '폐강'
		            END
		    		END AS "APLY_TYPE",             
		    LA."FNSH_YN",             
		    LA."UNQ_NUM"              
		FROM 
		    "LCTR_APLY" LA           
		JOIN 
		    "LCTR" L               
		ON 
		    LA."LCTR_NUM" = L."LCTR_NUM"
		JOIN 
		    "EMP" E                   
		ON 
		    L."UNQ_NUM2" = E."UNQ_NUM"
		JOIN 
		    "OFL_LCTR" OFF        
		ON 
		    LA."LCTR_NUM" = OFF."LCTR_NUM"
		WHERE 
		    LA."UNQ_NUM" = #{unq_num}
		    AND (
		        (LEFT(LA."UNQ_NUM"::text, 1) = '1' AND L."APLY_TYPE" IN ('2', '4', '5'))
		    OR
		        (LEFT(LA."UNQ_NUM"::text, 1) != '1')
		    )
 	</select>
	
	
	
	
	
	
	
	
	
	<select id="myProfOnlineClass" parameterType="int" resultType="jh_myClassroomList">	
		SELECT L."LCTR_NUM", L."UNQ_NUM2", L."LCTR_NAME"
FROM "LCTR" L
JOIN "ONLN_LCTR" ONL ON L."LCTR_NUM" = ONL."LCTR_NUM"
WHERE L."UNQ_NUM2" = #{unq_num}

	</select>
	
	
		<select id="myProfOfflineClass" parameterType="int" resultType="jh_myClassroomList">	
		SELECT L."LCTR_NUM", L."UNQ_NUM2", L."LCTR_NAME"
FROM "LCTR" L
JOIN "OFL_LCTR" OFL ON L."LCTR_NUM" = OFL."LCTR_NUM"
WHERE L."UNQ_NUM2" = #{unq_num}

	</select>
	
	
	
	
	
	
	
	
	
	
	

<insert id="join" parameterType="User_Table">
    <!-- 시퀀스 번호를 생성하고 저장 -->
    <selectKey keyProperty="unq_num" order="BEFORE" resultType="int">
        SELECT generate_unq_num(CAST(#{mbr_se} AS integer))::integer
    </selectKey>

    <!-- LGN 테이블에 삽입 -->
    INSERT INTO "LGN" 
    VALUES (
        #{unq_num},  
        #{eml},
        #{pswd},
        0,
        #{mbr_se}
    );

    <if test="mbr_se == 1">
        INSERT INTO "STDNT" 
        VALUES (
            #{unq_num},  
            #{nm},
            0,
            #{addr},
            #{daddr},
            #{zip},
            #{telno}
        );
    </if>

    <if test="mbr_se == 2">
        INSERT INTO "EMP" 
        VALUES (
            #{unq_num},  
            #{nm},
            #{telno},
            0,
            #{addr},
            #{daddr},
            #{zip}
        );
    </if>
</insert>



	
	
	
	
	
</mapper> 