<?xml version="1.0" encoding="UTF-8"?>
<!DOCTYPE configuration
  PUBLIC "-//mybatis.org//DTD Config 3.0//EN"
  "https://mybatis.org/dtd/mybatis-3-config.dtd">

<configuration>
	<settings>
		<setting name="jdbcTypeForNull" value="VARCHAR"/>
	</settings>

	<typeAliases>
		<typeAlias alias="Asmt_Sbmsn"				type="com.postGre.bsHive.Amodel.Asmt_Sbmsn"/>
		<typeAlias alias="Asmt"						type="com.postGre.bsHive.Amodel.Asmt"/>
		<typeAlias alias="Atndc_Type"				type="com.postGre.bsHive.Amodel.Atndc_Type"/>
		<typeAlias alias="Atndc"					type="com.postGre.bsHive.Amodel.Atndc"/>
		<typeAlias alias="Conts_Ch"					type="com.postGre.bsHive.Amodel.Conts_Ch"/>
		<typeAlias alias="Crans_Qitem"				type="com.postGre.bsHive.Amodel.Crans_Qitem"/>
		<typeAlias alias="Emp"						type="com.postGre.bsHive.Amodel.Emp"/>
		<typeAlias alias="File"						type="com.postGre.bsHive.Amodel.File"/>
		<typeAlias alias="Lctr_Week"				type="com.postGre.bsHive.Amodel.Lctr_Week"/>
		<typeAlias alias="Lgn"						type="com.postGre.bsHive.Amodel.Lgn"/>
		<typeAlias alias="Ofl_Lctr"					type="com.postGre.bsHive.Amodel.Ofl_Lctr"/>
		<typeAlias alias="Ofl_Syllabus"				type="com.postGre.bsHive.Amodel.Ofl_Syllabus"/>
		<typeAlias alias="Onln_Conts"				type="com.postGre.bsHive.Amodel.Onln_Conts"/>
		<typeAlias alias="Onln_Lctr"				type="com.postGre.bsHive.Amodel.Onln_Lctr"/>
		<typeAlias alias="Prdoc"					type="com.postGre.bsHive.Amodel.Prdoc"/>
		<typeAlias alias="Pst_Img"					type="com.postGre.bsHive.Amodel.Pst_Img"/>
		<typeAlias alias="Pst"						type="com.postGre.bsHive.Amodel.Pst"/>
		<typeAlias alias="Scholarship"				type="com.postGre.bsHive.Amodel.Scholarship"/>
		<typeAlias alias="Stdnt"					type="com.postGre.bsHive.Amodel.Stdnt"/>
		<typeAlias alias="Syllabus_Unit"			type="com.postGre.bsHive.Amodel.Syllabus_Unit"/>
		<typeAlias alias="Test_Qitem"				type="com.postGre.bsHive.Amodel.Test_Qitem"/>
		<typeAlias alias="Test_Submit"				type="com.postGre.bsHive.Amodel.Test_Submit"/>
		<typeAlias alias="Test"						type="com.postGre.bsHive.Amodel.Test"/>
		<typeAlias alias="Lctr_Aply"				type="com.postGre.bsHive.Amodel.Lctr_Aply"/>
		
		<typeAlias alias="All_Lctr" 				type="com.postGre.bsHive.Adto.All_Lctr"/>
		<typeAlias alias="Kh_PrdocList" 			type="com.postGre.bsHive.Adto.Kh_PrdocList"/>
		<typeAlias alias="Kh_ScholarshipList"		type="com.postGre.bsHive.Adto.Kh_ScholarshipList"/>
		<typeAlias alias="Hs_Lec" 					type="com.postGre.bsHive.Adto.Hs_Lec"/>
		<typeAlias alias="Hs_Attend"				type="com.postGre.bsHive.Adto.Hs_Attend"/>
		<typeAlias alias="User_Table"				type="com.postGre.bsHive.Adto.User_Table"/>
	</typeAliases>
	
	
</configuration> 